{
    "version": 8,
    "configurePresets": [
        {
            "name": "ad",
            "displayName": "Custom configure preset",
            "description": "Sets Ninja generator, build and install directory",
            "generator": "Ninja",
            "binaryDir": "${sourceDir}/out/veterinary",
            "cacheVariables": {
                "CMAKE_BUILD_TYPE": "Debug",
                "CMAKE_INSTALL_PREFIX": "${sourceDir}/out/install/${presetName}"
            }
        }
    ]
}